{
  "URTI": 0.12351527109783302,
  "HIV (initial infection)": 0.0027794755572302494,
  "Pneumonia": 0.0247332190705753,
  "Chronic rhinosinusitis": 0.01970215284876706,
  "Viral pharyngitis": 0.11821095833604336,
  "Anemia": 0.038948698921909206,
  "Atrial fibrillation": 0.01999694571089754,
  "Allergic sinusitis": 0.03594954881658638,
  "Larygospasm": 0.00986625678771583,
  "Cluster headache": 0.023996334853077048,
  "Anaphylaxis": 0.02661656350206007,
  "Spontaneous pneumothorax": 0.0029346090767035653,
  "Acute pulmonary edema": 0.009098913905725028,
  "Tuberculosis": 0.0030871962126501735,
  "Myasthenia gravis": 0.0035053907379980643,
  "Panic attack": 0.028676196023855426,
  "Scombroid food poisoning": 0.017577881360524492,
  "Epiglottitis": 0.01645551385221376,
  "Inguinal hernia": 0.019338803507071352,
  "Boerhaave": 0.001450850983256128,
  "Pancreatic neoplasm": 0.0009061207841964152,
  "Bronchitis": 0.0379842071922544,
  "SLE": 0.002274312240662468,
  "Acute laryngitis": 0.03493148509504274,
  "Unstable angina": 0.01014537959737426,
  "Bronchiectasis": 0.01785602479190342,
  "Possible NSTEMI / STEMI": 0.010234503020809057,
  "Chagas": 0.0008775229384349201,
  "Localized edema": 0.0266557386332402,
  "Sarcoidosis": 0.020562046978170923,
  "Spontaneous rib fracture": 0.005492353391454276,
  "GERD": 0.029842047927776106,
  "Bronchospasm / acute asthma exacerbation": 0.01867674379012715,
  "Acute COPD exacerbation / infection": 0.016691544017574042,
  "Guillain-Barr\u00e9 syndrome": 0.00430025414964291,
  "Influenza": 0.06427904492949764,
  "Pulmonary embolism": 0.010552213334679915,
  "Stable angina": 0.01635169975458641,
  "Pericarditis": 0.010917129681622829,
  "Acute rhinosinusitis": 0.019591483103183194,
  "Whooping cough": 0.005594208732522615,
  "Myocarditis": 0.005336632245013258,
  "Acute dystonic reactions": 0.02474790974476785,
  "Pulmonary neoplasm": 0.0006912941585873754,
  "Acute otitis media": 0.03728493110068907,
  "PSVT": 0.017893241166524545,
  "Croup": 0.0026374657067022764,
  "Ebola": 6.836060390932749e-06,
  "Bronchiolitis": 0.00024484456987581475
}